{"creator":"yo","about":"adios","type":"metadata","timestamp":"2015-04-19T10:42:26.880Z"}
{"id":0,"text":"@FraGonDel @pedroj_ramirez @elmundoes @elespanolcom Pedro tampoco lo ve... Como no lo veía en Mario Conde, al q sacó todo lo q pudo y adiós!","coordinates":null,"timestamp":"2015-04-19T10:42:27.797Z"}
{"id":1,"text":"Y que se la  creen cuando les dije voy a mejorar el Metro!  basta de #Mentiras adios al #PRD en #DF #CDMX #mm http://t.co/9nKd7JgkLe","coordinates":null,"timestamp":"2015-04-19T10:42:27.797Z"}
{"id":2,"text":"↘↘Pedir permiso para protestar ...adios al #PRD en #DF #CDMX  #YoTengoMemoria  #DíaMundialDeLaBicicleta #mm http://t.co/Bdux095dqz","coordinates":null,"timestamp":"2015-04-19T10:42:27.797Z"}
{"id":3,"text":"En antena ahora... Abril Galvez Aviles - Cancion del adios en http://t.co/xwYTp04srq","coordinates":null,"timestamp":"2015-04-19T10:42:27.797Z"}
{"id":4,"text":"RT @Aidaaamc: Como cuesta decir adiós cuando en realidad estas deseando que no se vaya","coordinates":null,"timestamp":"2015-04-19T10:42:27.797Z"}
{"id":5,"text":"RT @Tipshoy: ADIOS A LAS ARRUGAS!!! ELABORA TU PROPIA CREMA ANTIARRUGAS CASERA\nInfo ==&gt; http://t.co/HOAyw08OwS http://t.co/b5F0bb7v5f","coordinates":null,"timestamp":"2015-04-19T10:42:27.797Z"}
{"id":6,"text":"RT @Tipshoy: ADIOS A LAS ARRUGAS!!! ELABORA TU PROPIA CREMA ANTIARRUGAS CASERA\nInfo ==&gt; http://t.co/HOAyw08OwS http://t.co/b5F0bb7v5f","coordinates":null,"timestamp":"2015-04-19T10:42:27.797Z"}
{"id":7,"text":"RT @Tipshoy: ADIOS A LAS ARRUGAS!!! ELABORA TU PROPIA CREMA ANTIARRUGAS CASERA\nInfo ==&gt; http://t.co/HOAyw08OwS http://t.co/b5F0bb7v5f","coordinates":null,"timestamp":"2015-04-19T10:42:27.797Z"}
{"id":8,"text":"RT @Tipshoy: ADIOS A LAS ARRUGAS!!! ELABORA TU PROPIA CREMA ANTIARRUGAS CASERA\nInfo ==&gt; http://t.co/HOAyw08OwS http://t.co/b5F0bb7v5f","coordinates":null,"timestamp":"2015-04-19T10:42:27.797Z"}
{"id":9,"text":"RT @Tipshoy: ADIOS A LAS ARRUGAS!!! ELABORA TU PROPIA CREMA ANTIARRUGAS CASERA\nInfo ==&gt; http://t.co/HOAyw08OwS http://t.co/b5F0bb7v5f","coordinates":null,"timestamp":"2015-04-19T10:42:27.797Z"}
{"id":10,"text":"RT @Tipshoy: ADIOS A LAS ARRUGAS!!! ELABORA TU PROPIA CREMA ANTIARRUGAS CASERA\nInfo ==&gt; http://t.co/HOAyw08OwS http://t.co/b5F0bb7v5f","coordinates":null,"timestamp":"2015-04-19T10:42:27.797Z"}
{"id":11,"text":"RT @Tipshoy: ADIOS A LAS ARRUGAS!!! ELABORA TU PROPIA CREMA ANTIARRUGAS CASERA\nInfo ==&gt; http://t.co/HOAyw08OwS http://t.co/b5F0bb7v5f","coordinates":null,"timestamp":"2015-04-19T10:42:27.797Z"}
{"id":12,"text":"RT @Tipshoy: ADIOS A LAS ARRUGAS!!! ELABORA TU PROPIA CREMA ANTIARRUGAS CASERA\nInfo ==&gt; http://t.co/HOAyw08OwS http://t.co/b5F0bb7v5f","coordinates":null,"timestamp":"2015-04-19T10:42:27.797Z"}
{"id":13,"text":"RT @Tipshoy: ADIOS A LAS ARRUGAS!!! ELABORA TU PROPIA CREMA ANTIARRUGAS CASERA\nInfo ==&gt; http://t.co/HOAyw08OwS http://t.co/b5F0bb7v5f","coordinates":null,"timestamp":"2015-04-19T10:42:27.797Z"}
{"id":14,"text":"RT @Tipshoy: ADIOS A LAS ARRUGAS!!! ELABORA TU PROPIA CREMA ANTIARRUGAS CASERA\nInfo ==&gt; http://t.co/HOAyw08OwS http://t.co/b5F0bb7v5f","coordinates":null,"timestamp":"2015-04-19T10:42:27.797Z"}
