{"creator":"yo","about":"gol","type":"metadata","timestamp":"2015-04-19T11:13:00.385Z"}
{"id":0,"text":"Liga: Ronaldo, ancora 50 gol. E Neymar «cresce con Luis Enrique»: CR7 arriva per il quinto anno di fila al prestigioso traguardo. E i...","coordinates":null,"timestamp":"2015-04-19T11:13:01.267Z"}
{"id":1,"text":"RT @diarioas: GOL de Ruben Castro\n@RealBetis 2 - @RealZaragoza 0 #LigaAdelante en: http://t.co/9hu3vBs4E9","coordinates":null,"timestamp":"2015-04-19T11:13:01.267Z"}
{"id":2,"text":"RT @Beticismo: http://t.co/1QG1xk2ImZ -  Video del Gol de Rubén Castro (2-0) https://t.co/XvXViztCLI","coordinates":null,"timestamp":"2015-04-19T11:13:01.267Z"}
{"id":3,"text":"Aquí el gol de Rubén Castro https://t.co/jAOzYzTg9K #Betis","coordinates":null,"timestamp":"2015-04-19T11:13:01.267Z"}
{"id":4,"text":"@LokuDd @cerro879 @SomosCERRO asi mismo o ya fue gol y dice \"la pelota no toco completamente la red \"jaja","coordinates":null,"timestamp":"2015-04-19T11:13:01.267Z"}
{"id":5,"text":"RT @Betis_mobi: EL VILLAMARIN ESTALLA CON EL GOL DE RUBÉN CASTRO http://t.co/XDY5CMYoE1","coordinates":null,"timestamp":"2015-04-19T11:13:01.267Z"}
{"id":7,"text":"RT @JuvePrimavera: Torino - Juventus 2 - 1! Gol di Clemenza! http://t.co/aAqPgZsCuk","coordinates":null,"timestamp":"2015-04-19T11:13:01.267Z"}
{"id":6,"text":"RT @Beticismo: http://t.co/1QG1xk2ImZ -  Video del Gol de Rubén Castro (2-0) https://t.co/XvXViztCLI","coordinates":null,"timestamp":"2015-04-19T11:13:01.267Z"}
{"id":8,"text":"RT @Beticismo: http://t.co/1QG1xk2ImZ -  Video del Gol de Rubén Castro (2-0) https://t.co/XvXViztCLI","coordinates":null,"timestamp":"2015-04-19T11:13:01.267Z"}
{"id":9,"text":"RT @Betis_mobi: EL VILLAMARIN ESTALLA CON EL GOL DE RUBÉN CASTRO http://t.co/XDY5CMYoE1","coordinates":null,"timestamp":"2015-04-19T11:13:01.267Z"}
{"id":10,"text":"Aquí podéis ver en vídeo el gol de Rubén Castro  http://t.co/6EuU6bfSK9 vía @eldesmarque_rbb #Betis","coordinates":null,"timestamp":"2015-04-19T11:13:01.267Z"}
{"id":11,"text":"RT @Selu2706: Goool del #Betis. Gol de Rubén Castro. https://t.co/UNSnu9GiAJ","coordinates":null,"timestamp":"2015-04-19T11:13:01.267Z"}
{"id":12,"text":"RT @_unicornioazul1: Gol 400 de Messi  https://t.co/BX7DiQxvNw","coordinates":null,"timestamp":"2015-04-19T11:13:01.267Z"}
{"id":13,"text":"RT @La12tuittera: El festejo de @carlitos3210 para su gol con la Juve \n#LaGallinita http://t.co/KX6EV59hxL","coordinates":null,"timestamp":"2015-04-19T11:13:01.267Z"}
{"id":14,"text":"RT @Beticismo: http://t.co/1QG1xk2ImZ -  Video del Gol de Rubén Castro (2-0) https://t.co/XvXViztCLI","coordinates":null,"timestamp":"2015-04-19T11:13:01.267Z"}
