{"creator":"yo","about":"hola","type":"metadata","timestamp":"2015-04-19T09:37:09.351Z"}
{"id":0,"text":"@laBienal Hola, ¿hay abonos para poder ir a varios espectáculos de lo de Septiembre que supongan algún tipo de ahorro? Gracias!","coordinates":null,"timestamp":"2015-05-04T15:49:50.010Z"}
{"id":1,"text":"@camerondallas hola, te quiero.","coordinates":null,"timestamp":"2015-05-04T15:49:50.011Z"}
{"id":2,"text":"@HolaSoyDali hola :V checa este video, comenta que te parecio  si gustas suscribete espero sacarte una sonrisa&gt; https://t.co/o2DbXLZDBt","coordinates":null,"timestamp":"2015-05-04T15:49:50.011Z"}
{"id":3,"text":"RT @BrianSinSuerte: –Hola, ¿Hablo con María José?\n–No, con José María\n–Mierda, marque al revés.","coordinates":null,"timestamp":"2015-05-04T15:49:50.011Z"}
{"id":4,"text":"RT @OyeGalan: \"Hola\"\n\n– Tú. nunca.","coordinates":null,"timestamp":"2015-05-04T15:49:50.011Z"}
{"id":5,"text":"@MoreeAguirre  hola linda muy felizzz cumpleaños !!! Espero que términes bien! Nos vemos cuando hagas algo Eh !!","coordinates":null,"timestamp":"2015-05-04T15:49:50.011Z"}
{"id":6,"text":"@manuel32572164 \nHola. Si te interesa despertar el Kundalini, la Liberación, la Iluminación, etc., visita: https://t.co/6ZCqD12pUa","coordinates":null,"timestamp":"2015-05-04T15:49:50.011Z"}
{"id":7,"text":"RT @elkaiser63: hola beba tenes fotos en pochola? @melinaplaza","coordinates":null,"timestamp":"2015-05-04T15:49:50.011Z"}
{"id":8,"text":"RT @OyeGalan: \"Hola\"\n\n– Tú. nunca.","coordinates":null,"timestamp":"2015-05-04T15:49:50.011Z"}
{"id":9,"text":"@alexdelmo2510 \nHola. Si te interesa despertar el Kundalini, la Liberación, la Iluminación, etc., visita: https://t.co/X82LrQc1Ah","coordinates":null,"timestamp":"2015-05-04T15:49:50.011Z"}
{"id":10,"text":"@ZombykRV Hola, en tienda también está disponible. =)","coordinates":null,"timestamp":"2015-05-04T15:49:50.011Z"}
{"id":11,"text":"@cecylinares23 Hola. Presenta tu queja con nosotros, agenda en http://t.co/f0DI6tp4SC Saludos.","coordinates":null,"timestamp":"2015-05-04T15:49:50.011Z"}
{"id":12,"text":"O SEA HOLA @Jencthealy PUYO MUERO ENHORABUENAAAAAA 😍😍😍😍 Y DISFRUTA UN MONTÓN DEL COIERTOOO","coordinates":null,"timestamp":"2015-05-04T15:49:50.011Z"}
{"id":13,"text":"Hola tw! http://t.co/O8uU1V7gQ2","coordinates":null,"timestamp":"2015-05-04T15:49:50.011Z"}
{"id":14,"text":"RT @BrianSinSuerte: –Hola, ¿Hablo con María José?\n–No, con José María\n–Mierda, marque al revés.","coordinates":null,"timestamp":"2015-05-04T15:49:50.011Z"}
