{"dataDir":"./data/","datasets":["messi"],"lastID":0,"polarities":{},"numeroTweets":{},"vecesPalabras":{},"type":"metadata","timestamp":"2015-04-19T09:21:14.172Z"}
{"id":0,"text":"RT @Football__Tweet: Marco Verratti on Lionel Messi: http://t.co/OmbcL9SXTA","coordinates":null,"timestamp":"2015-04-19T09:22:47.229Z"}
{"id":1,"text":"RT @FCBarcelona: Leo #Messi's 400 goals, scored in six different official competitions #FCBlive http://t.co/l4DX7oyXNR","coordinates":null,"timestamp":"2015-04-19T09:22:47.230Z"}
{"id":2,"text":"RT @Football__Tweet: On this day, 8 years ago, a 19-year old Lionel Messi did this. Wow. http://t.co/wwCvTY9Ijr","coordinates":null,"timestamp":"2015-04-19T09:22:47.230Z"}
{"id":3,"text":"RT @FCBarcelona_es: Los 400 goles de Leo Messi, repartidos en seis competiciones oficiales #FCBlive http://t.co/xzzNVLeKjY","coordinates":null,"timestamp":"2015-04-19T09:22:47.230Z"}
{"id":4,"text":"He waited until the final minute, but Messi tallied his 400th goal with Barcelona in today's 2-0 w... - via @ESPN App http://t.co/dcFFN1TZ2A","coordinates":null,"timestamp":"2015-04-19T09:22:47.230Z"}
{"id":5,"text":"RT @Football__Tweet: On this day, 8 years ago, a 19-year old Lionel Messi did this. Wow. http://t.co/wwCvTY9Ijr","coordinates":null,"timestamp":"2015-04-19T09:22:47.230Z"}
{"id":6,"text":"RT @KilasBarca: messi 400 gol\nhttp://t.co/toncXImXwq","coordinates":null,"timestamp":"2015-04-19T09:22:47.230Z"}
{"id":7,"text":"RT @Footy_Jokes: Cristiano Ronaldo &amp; Leo Messi true fashion stars.!! http://t.co/D1CsmP3lfc","coordinates":null,"timestamp":"2015-04-19T09:22:47.230Z"}
{"id":8,"text":"RT @8Fact_Footballl: Leo Messi's 400 goals for Barcelona per season since 2004-05.\n\n1\n8\n17\n16\n38\n47\n53\n73\n60\n41\n46 ongoing http://t.co/XtFA…","coordinates":null,"timestamp":"2015-04-19T09:22:47.230Z"}
{"id":9,"text":"RT @Football__Tweet: On this day, 8 years ago, a 19-year old Lionel Messi did this. Wow. http://t.co/wwCvTY9Ijr","coordinates":null,"timestamp":"2015-04-19T09:22:47.230Z"}
{"id":10,"text":"Simply Messi http://t.co/r6gO5WAEkq","coordinates":null,"timestamp":"2015-04-19T09:22:47.230Z"}
{"id":11,"text":"AlArabiya_Eng: #Messi scored his 400th goal for Barcelona in Valencia win http://t.co/cpUMoPxwfM http://t.co/MfGpZAcHnE","coordinates":null,"timestamp":"2015-04-19T09:22:47.230Z"}
{"id":12,"text":"((El Batallon)) Messi llega a 400 goles con el Barça; el Real Madrid también gana: Por Tim Hanlon","coordinates":null,"timestamp":"2015-04-19T09:22:47.230Z"}
{"id":13,"text":"RT @Football__Tweet: Marco Verratti on Lionel Messi: http://t.co/OmbcL9SXTA","coordinates":null,"timestamp":"2015-04-19T09:22:47.230Z"}
{"id":14,"text":"RT @mundodeportivo: La prensa mundial se rinde al último récord de Leo Messi http://t.co/qu6gAcJcrg","coordinates":null,"timestamp":"2015-04-19T09:22:47.230Z"}
