{"@id":"patata","query":"patata","sameAs":"http://babelnet.org/rdf/s00063842n","@context":"http://schema.org/","@type":"SearchAction","type":"metadata","timestamp":"2015-05-04T15:53:00.474Z"}
{"id":0,"text":"@mayrafinkel Bueno u_u #Patata #MayThe4thBeWithYou","coordinates":null,"timestamp":"2015-05-04T15:53:01.108Z"}
{"id":1,"text":"Aunque que el resto del elenco sea súper soso y tenga menos carisma que una patata también ayuda.","coordinates":null,"timestamp":"2015-05-04T15:53:01.109Z"}
{"id":2,"text":"RT @identitagolose: A #identitaexpo Victoire Gouloubi prepara Gnocchi di patata dolce con pancetta tesa, mazzancolle e salsa alle noci. htt…","coordinates":null,"timestamp":"2015-05-04T15:53:01.109Z"}
{"id":3,"text":"RT @muyenforma: Comida recomendada: lentejas con patata, judías verdes, guisantes y zanahoria #recetas #salud http://t.co/QYaGZg3WlG","coordinates":null,"timestamp":"2015-05-04T15:53:01.109Z"}
{"id":4,"text":"per sbaglio ho spento la musica e mia madre mi ha tirato una mela 🍎.\nMeglio della patata dell'altra volta","coordinates":null,"timestamp":"2015-05-04T15:53:01.109Z"}
{"id":5,"text":"Ang Laki Ng PATATA NI JEROME PONCE DINALA SA SET PERO ANG KUMUHA SI KAHAPON SI JANE OINEZA🙌🙌😍😍😍😍😍❤ http://t.co/jv4WshhQ63","coordinates":null,"timestamp":"2015-05-04T15:53:01.109Z"}
{"id":6,"text":"@blairwaldonf @louisetado pode deixar, bom que vc para de parecer o patati e patata","coordinates":null,"timestamp":"2015-05-04T15:53:01.109Z"}
{"id":7,"text":"RT @identitagolose: A #identitaexpo Victoire Gouloubi prepara Gnocchi di patata dolce con pancetta tesa, mazzancolle e salsa alle noci. htt…","coordinates":null,"timestamp":"2015-05-04T15:53:01.109Z"}
{"id":8,"text":"Patata","coordinates":null,"timestamp":"2015-05-04T15:53:01.109Z"}
{"id":9,"text":"@hawkesexual (a no ser que sea patata ddr2 xD)","coordinates":null,"timestamp":"2015-05-04T15:53:01.109Z"}
{"id":10,"text":"Es patata laaaandiiiiaaaaa 😂","coordinates":null,"timestamp":"2015-05-04T15:53:01.109Z"}
{"id":11,"text":"A #identitaexpo Victoire Gouloubi prepara Gnocchi di patata dolce con pancetta tesa, mazzancolle e salsa alle noci. http://t.co/tvNaPcfltP","coordinates":null,"timestamp":"2015-05-04T15:53:01.109Z"}
{"id":12,"text":"Es patata landia, patatalandiaa","coordinates":null,"timestamp":"2015-05-04T15:53:01.109Z"}
{"id":13,"text":"@digitalshuffler ESO ME HA DOLIDO EN LA PATATA.  Sabes de qué es no? e.e","coordinates":null,"timestamp":"2015-05-04T15:53:01.109Z"}
{"id":14,"text":"RT @samuelftcam: 50. Patata ✨","coordinates":null,"timestamp":"2015-05-04T15:53:01.109Z"}
